class_idx,class_name,total,correct,accuracy
0,tench,50,47,0.9399999976158142
1,goldfish,50,47,0.9399999976158142
2,great white shark,50,39,0.7799999713897705
3,tiger shark,50,37,0.7400000095367432
4,hammerhead,50,36,0.7200000286102295
5,electric ray,50,32,0.6399999856948853
6,stingray,50,37,0.7400000095367432
7,cock,50,36,0.7200000286102295
8,hen,50,42,0.8399999737739563
9,ostrich,50,47,0.9399999976158142
10,brambling,50,42,0.8399999737739563
11,goldfinch,50,46,0.9200000166893005
12,house finch,50,43,0.8600000143051147
13,junco,50,48,0.9599999785423279
14,indigo bunting,50,46,0.9200000166893005
15,robin,50,46,0.9200000166893005
16,bulbul,50,42,0.8399999737739563
17,jay,50,43,0.8600000143051147
18,magpie,50,44,0.8799999952316284
19,chickadee,50,44,0.8799999952316284
20,water ouzel,50,42,0.8399999737739563
21,kite,50,38,0.7599999904632568
22,bald eagle,50,47,0.9399999976158142
23,vulture,50,43,0.8600000143051147
24,great grey owl,50,48,0.9599999785423279
25,European fire salamander,50,48,0.9599999785423279
26,common newt,50,31,0.6200000047683716
27,eft,50,35,0.699999988079071
28,spotted salamander,50,45,0.8999999761581421
29,axolotl,50,42,0.8399999737739563
30,bullfrog,50,39,0.7799999713897705
31,tree frog,50,43,0.8600000143051147
32,tailed frog,50,20,0.4000000059604645
33,loggerhead,50,42,0.8399999737739563
34,leatherback turtle,50,33,0.6600000262260437
35,mud turtle,50,31,0.6200000047683716
36,terrapin,50,21,0.41999998688697815
37,box turtle,50,37,0.7400000095367432
38,banded gecko,50,38,0.7599999904632568
39,common iguana,50,40,0.800000011920929
40,American chameleon,50,28,0.5600000023841858
41,whiptail,50,42,0.8399999737739563
42,agama,50,37,0.7400000095367432
43,frilled lizard,50,39,0.7799999713897705
44,alligator lizard,50,29,0.5799999833106995
45,Gila monster,50,37,0.7400000095367432
46,green lizard,50,24,0.47999998927116394
47,African chameleon,50,39,0.7799999713897705
48,Komodo dragon,50,42,0.8399999737739563
49,African crocodile,50,30,0.6000000238418579
50,American alligator,50,39,0.7799999713897705
51,triceratops,50,42,0.8399999737739563
52,thunder snake,50,37,0.7400000095367432
53,ringneck snake,50,42,0.8399999737739563
54,hognose snake,50,30,0.6000000238418579
55,green snake,50,28,0.5600000023841858
56,king snake,50,39,0.7799999713897705
57,garter snake,50,45,0.8999999761581421
58,water snake,50,33,0.6600000262260437
59,vine snake,50,28,0.5600000023841858
60,night snake,50,16,0.3199999928474426
61,boa constrictor,50,35,0.699999988079071
62,rock python,50,27,0.5400000214576721
63,Indian cobra,50,41,0.8199999928474426
64,green mamba,50,29,0.5799999833106995
65,sea snake,50,36,0.7200000286102295
66,horned viper,50,26,0.5199999809265137
67,diamondback,50,36,0.7200000286102295
68,sidewinder,50,11,0.2199999988079071
69,trilobite,50,47,0.9399999976158142
70,harvestman,50,43,0.8600000143051147
71,scorpion,50,44,0.8799999952316284
72,black and gold garden spider,50,45,0.8999999761581421
73,barn spider,50,19,0.3799999952316284
74,garden spider,50,28,0.5600000023841858
75,black widow,50,42,0.8399999737739563
76,tarantula,50,47,0.9399999976158142
77,wolf spider,50,36,0.7200000286102295
78,tick,50,36,0.7200000286102295
79,centipede,50,34,0.6800000071525574
80,black grouse,50,44,0.8799999952316284
81,ptarmigan,50,38,0.7599999904632568
82,ruffed grouse,50,43,0.8600000143051147
83,prairie chicken,50,46,0.9200000166893005
84,peacock,50,46,0.9200000166893005
85,quail,50,44,0.8799999952316284
86,partridge,50,39,0.7799999713897705
87,African grey,50,46,0.9200000166893005
88,macaw,50,48,0.9599999785423279
89,sulphur-crested cockatoo,50,46,0.9200000166893005
90,lorikeet,50,49,0.9800000190734863
91,coucal,50,43,0.8600000143051147
92,bee eater,50,47,0.9399999976158142
93,hornbill,50,40,0.800000011920929
94,hummingbird,50,47,0.9399999976158142
95,jacamar,50,45,0.8999999761581421
96,toucan,50,45,0.8999999761581421
97,drake,50,39,0.7799999713897705
98,red-breasted merganser,50,44,0.8799999952316284
99,goose,50,38,0.7599999904632568
100,black swan,50,48,0.9599999785423279
101,tusker,50,29,0.5799999833106995
102,echidna,50,48,0.9599999785423279
103,platypus,50,34,0.6800000071525574
104,wallaby,50,38,0.7599999904632568
105,koala,50,42,0.8399999737739563
106,wombat,50,38,0.7599999904632568
107,jellyfish,50,41,0.8199999928474426
108,sea anemone,50,29,0.5799999833106995
109,brain coral,50,43,0.8600000143051147
110,flatworm,50,37,0.7400000095367432
111,nematode,50,45,0.8999999761581421
112,conch,50,38,0.7599999904632568
113,snail,50,40,0.800000011920929
114,slug,50,38,0.7599999904632568
115,sea slug,50,41,0.8199999928474426
116,chiton,50,37,0.7400000095367432
117,chambered nautilus,50,43,0.8600000143051147
118,Dungeness crab,50,40,0.800000011920929
119,rock crab,50,26,0.5199999809265137
120,fiddler crab,50,28,0.5600000023841858
121,king crab,50,35,0.699999988079071
122,American lobster,50,42,0.8399999737739563
123,spiny lobster,50,37,0.7400000095367432
124,crayfish,50,29,0.5799999833106995
125,hermit crab,50,39,0.7799999713897705
126,isopod,50,30,0.6000000238418579
127,white stork,50,44,0.8799999952316284
128,black stork,50,39,0.7799999713897705
129,spoonbill,50,48,0.9599999785423279
130,flamingo,50,48,0.9599999785423279
131,little blue heron,50,43,0.8600000143051147
132,American egret,50,47,0.9399999976158142
133,bittern,50,41,0.8199999928474426
134,crane,50,35,0.699999988079071
135,limpkin,50,48,0.9599999785423279
136,European gallinule,50,47,0.9399999976158142
137,American coot,50,45,0.8999999761581421
138,bustard,50,46,0.9200000166893005
139,ruddy turnstone,50,47,0.9399999976158142
140,red-backed sandpiper,50,46,0.9200000166893005
141,redshank,50,43,0.8600000143051147
142,dowitcher,50,39,0.7799999713897705
143,oystercatcher,50,46,0.9200000166893005
144,pelican,50,45,0.8999999761581421
145,king penguin,50,46,0.9200000166893005
146,albatross,50,44,0.8799999952316284
147,grey whale,50,41,0.8199999928474426
148,killer whale,50,48,0.9599999785423279
149,dugong,50,42,0.8399999737739563
150,sea lion,50,36,0.7200000286102295
151,Chihuahua,50,25,0.5
152,Japanese spaniel,50,37,0.7400000095367432
153,Maltese dog,50,37,0.7400000095367432
154,Pekinese,50,40,0.800000011920929
155,Shih-Tzu,50,36,0.7200000286102295
156,Blenheim spaniel,50,43,0.8600000143051147
157,papillon,50,46,0.9200000166893005
158,toy terrier,50,24,0.47999998927116394
159,Rhodesian ridgeback,50,35,0.699999988079071
160,Afghan hound,50,46,0.9200000166893005
161,basset,50,35,0.699999988079071
162,beagle,50,42,0.8399999737739563
163,bloodhound,50,20,0.4000000059604645
164,bluetick,50,42,0.8399999737739563
165,black-and-tan coonhound,50,23,0.46000000834465027
166,Walker hound,50,27,0.5400000214576721
167,English foxhound,50,14,0.2800000011920929
168,redbone,50,35,0.699999988079071
169,borzoi,50,45,0.8999999761581421
170,Irish wolfhound,50,30,0.6000000238418579
171,Italian greyhound,50,38,0.7599999904632568
172,whippet,50,34,0.6800000071525574
173,Ibizan hound,50,27,0.5400000214576721
174,Norwegian elkhound,50,39,0.7799999713897705
175,otterhound,50,29,0.5799999833106995
176,Saluki,50,35,0.699999988079071
177,Scottish deerhound,50,41,0.8199999928474426
178,Weimaraner,50,44,0.8799999952316284
179,Staffordshire bullterrier,50,32,0.6399999856948853
180,American Staffordshire terrier,50,26,0.5199999809265137
181,Bedlington terrier,50,41,0.8199999928474426
182,Border terrier,50,41,0.8199999928474426
183,Kerry blue terrier,50,35,0.699999988079071
184,Irish terrier,50,29,0.5799999833106995
185,Norfolk terrier,50,32,0.6399999856948853
186,Norwich terrier,50,28,0.5600000023841858
187,Yorkshire terrier,50,29,0.5799999833106995
188,wire-haired fox terrier,50,37,0.7400000095367432
189,Lakeland terrier,50,28,0.5600000023841858
190,Sealyham terrier,50,38,0.7599999904632568
191,Airedale,50,39,0.7799999713897705
192,cairn,50,36,0.7200000286102295
193,Australian terrier,50,21,0.41999998688697815
194,Dandie Dinmont,50,39,0.7799999713897705
195,Boston bull,50,45,0.8999999761581421
196,miniature schnauzer,50,33,0.6600000262260437
197,giant schnauzer,50,34,0.6800000071525574
198,standard schnauzer,50,33,0.6600000262260437
199,Scotch terrier,50,36,0.7200000286102295
200,Tibetan terrier,50,30,0.6000000238418579
201,silky terrier,50,30,0.6000000238418579
202,soft-coated wheaten terrier,50,37,0.7400000095367432
203,West Highland white terrier,50,43,0.8600000143051147
204,Lhasa,50,26,0.5199999809265137
205,flat-coated retriever,50,34,0.6800000071525574
206,curly-coated retriever,50,33,0.6600000262260437
207,golden retriever,50,40,0.800000011920929
208,Labrador retriever,50,38,0.7599999904632568
209,Chesapeake Bay retriever,50,37,0.7400000095367432
210,German short-haired pointer,50,44,0.8799999952316284
211,vizsla,50,38,0.7599999904632568
212,English setter,50,34,0.6800000071525574
213,Irish setter,50,36,0.7200000286102295
214,Gordon setter,50,38,0.7599999904632568
215,Brittany spaniel,50,37,0.7400000095367432
216,clumber,50,46,0.9200000166893005
217,English springer,50,43,0.8600000143051147
218,Welsh springer spaniel,50,44,0.8799999952316284
219,cocker spaniel,50,30,0.6000000238418579
220,Sussex spaniel,50,32,0.6399999856948853
221,Irish water spaniel,50,36,0.7200000286102295
222,kuvasz,50,30,0.6000000238418579
223,schipperke,50,40,0.800000011920929
224,groenendael,50,36,0.7200000286102295
225,malinois,50,46,0.9200000166893005
226,briard,50,24,0.47999998927116394
227,kelpie,50,29,0.5799999833106995
228,komondor,50,43,0.8600000143051147
229,Old English sheepdog,50,44,0.8799999952316284
230,Shetland sheepdog,50,40,0.800000011920929
231,collie,50,26,0.5199999809265137
232,Border collie,50,37,0.7400000095367432
233,Bouvier des Flandres,50,35,0.699999988079071
234,Rottweiler,50,36,0.7200000286102295
235,German shepherd,50,39,0.7799999713897705
236,Doberman,50,37,0.7400000095367432
237,miniature pinscher,50,32,0.6399999856948853
238,Greater Swiss Mountain dog,50,28,0.5600000023841858
239,Bernese mountain dog,50,45,0.8999999761581421
240,Appenzeller,50,12,0.23999999463558197
241,EntleBucher,50,30,0.6000000238418579
242,boxer,50,33,0.6600000262260437
243,bull mastiff,50,42,0.8399999737739563
244,Tibetan mastiff,50,46,0.9200000166893005
245,French bulldog,50,36,0.7200000286102295
246,Great Dane,50,27,0.5400000214576721
247,Saint Bernard,50,47,0.9399999976158142
248,Eskimo dog,50,20,0.4000000059604645
249,malamute,50,38,0.7599999904632568
250,Siberian husky,50,29,0.5799999833106995
251,dalmatian,50,47,0.9399999976158142
252,affenpinscher,50,36,0.7200000286102295
253,basenji,50,42,0.8399999737739563
254,pug,50,42,0.8399999737739563
255,Leonberg,50,48,0.9599999785423279
256,Newfoundland,50,36,0.7200000286102295
257,Great Pyrenees,50,37,0.7400000095367432
258,Samoyed,50,46,0.9200000166893005
259,Pomeranian,50,48,0.9599999785423279
260,chow,50,43,0.8600000143051147
261,keeshond,50,44,0.8799999952316284
262,Brabancon griffon,50,39,0.7799999713897705
263,Pembroke,50,41,0.8199999928474426
264,Cardigan,50,30,0.6000000238418579
265,toy poodle,50,25,0.5
266,miniature poodle,50,21,0.41999998688697815
267,standard poodle,50,43,0.8600000143051147
268,Mexican hairless,50,44,0.8799999952316284
269,timber wolf,50,37,0.7400000095367432
270,white wolf,50,41,0.8199999928474426
271,red wolf,50,25,0.5
272,coyote,50,30,0.6000000238418579
273,dingo,50,33,0.6600000262260437
274,dhole,50,45,0.8999999761581421
275,African hunting dog,50,49,0.9800000190734863
276,hyena,50,43,0.8600000143051147
277,red fox,50,31,0.6200000047683716
278,kit fox,50,34,0.6800000071525574
279,Arctic fox,50,45,0.8999999761581421
280,grey fox,50,34,0.6800000071525574
281,tabby,50,29,0.5799999833106995
282,tiger cat,50,9,0.18000000715255737
283,Persian cat,50,44,0.8799999952316284
284,Siamese cat,50,47,0.9399999976158142
285,Egyptian cat,50,22,0.4399999976158142
286,cougar,50,43,0.8600000143051147
287,lynx,50,36,0.7200000286102295
288,leopard,50,41,0.8199999928474426
289,snow leopard,50,44,0.8799999952316284
290,jaguar,50,38,0.7599999904632568
291,lion,50,49,0.9800000190734863
292,tiger,50,47,0.9399999976158142
293,cheetah,50,46,0.9200000166893005
294,brown bear,50,46,0.9200000166893005
295,American black bear,50,39,0.7799999713897705
296,ice bear,50,45,0.8999999761581421
297,sloth bear,50,36,0.7200000286102295
298,mongoose,50,36,0.7200000286102295
299,meerkat,50,39,0.7799999713897705
300,tiger beetle,50,46,0.9200000166893005
301,ladybug,50,45,0.8999999761581421
302,ground beetle,50,33,0.6600000262260437
303,long-horned beetle,50,35,0.699999988079071
304,leaf beetle,50,27,0.5400000214576721
305,dung beetle,50,40,0.800000011920929
306,rhinoceros beetle,50,42,0.8399999737739563
307,weevil,50,38,0.7599999904632568
308,fly,50,33,0.6600000262260437
309,bee,50,40,0.800000011920929
310,ant,50,33,0.6600000262260437
311,grasshopper,50,28,0.5600000023841858
312,cricket,50,28,0.5600000023841858
313,walking stick,50,32,0.6399999856948853
314,cockroach,50,31,0.6200000047683716
315,mantis,50,31,0.6200000047683716
316,cicada,50,41,0.8199999928474426
317,leafhopper,50,45,0.8999999761581421
318,lacewing,50,38,0.7599999904632568
319,dragonfly,50,38,0.7599999904632568
320,damselfly,50,42,0.8399999737739563
321,admiral,50,47,0.9399999976158142
322,ringlet,50,43,0.8600000143051147
323,monarch,50,46,0.9200000166893005
324,cabbage butterfly,50,47,0.9399999976158142
325,sulphur butterfly,50,46,0.9200000166893005
326,lycaenid,50,47,0.9399999976158142
327,starfish,50,43,0.8600000143051147
328,sea urchin,50,41,0.8199999928474426
329,sea cucumber,50,34,0.6800000071525574
330,wood rabbit,50,38,0.7599999904632568
331,hare,50,40,0.800000011920929
332,Angora,50,44,0.8799999952316284
333,hamster,50,47,0.9399999976158142
334,porcupine,50,43,0.8600000143051147
335,fox squirrel,50,37,0.7400000095367432
336,marmot,50,45,0.8999999761581421
337,beaver,50,38,0.7599999904632568
338,guinea pig,50,40,0.800000011920929
339,sorrel,50,48,0.9599999785423279
340,zebra,50,47,0.9399999976158142
341,hog,50,25,0.5
342,wild boar,50,39,0.7799999713897705
343,warthog,50,42,0.8399999737739563
344,hippopotamus,50,46,0.9200000166893005
345,ox,50,25,0.5
346,water buffalo,50,41,0.8199999928474426
347,bison,50,43,0.8600000143051147
348,ram,50,29,0.5799999833106995
349,bighorn,50,35,0.699999988079071
350,ibex,50,45,0.8999999761581421
351,hartebeest,50,46,0.9200000166893005
352,impala,50,40,0.800000011920929
353,gazelle,50,31,0.6200000047683716
354,Arabian camel,50,43,0.8600000143051147
355,llama,50,43,0.8600000143051147
356,weasel,50,22,0.4399999976158142
357,mink,50,36,0.7200000286102295
358,polecat,50,24,0.47999998927116394
359,black-footed ferret,50,37,0.7400000095367432
360,otter,50,39,0.7799999713897705
361,skunk,50,45,0.8999999761581421
362,badger,50,44,0.8799999952316284
363,armadillo,50,45,0.8999999761581421
364,three-toed sloth,50,47,0.9399999976158142
365,orangutan,50,44,0.8799999952316284
366,gorilla,50,40,0.800000011920929
367,chimpanzee,50,44,0.8799999952316284
368,gibbon,50,38,0.7599999904632568
369,siamang,50,37,0.7400000095367432
370,guenon,50,40,0.800000011920929
371,patas,50,33,0.6600000262260437
372,baboon,50,43,0.8600000143051147
373,macaque,50,39,0.7799999713897705
374,langur,50,36,0.7200000286102295
375,colobus,50,44,0.8799999952316284
376,proboscis monkey,50,50,1.0
377,marmoset,50,41,0.8199999928474426
378,capuchin,50,41,0.8199999928474426
379,howler monkey,50,41,0.8199999928474426
380,titi,50,25,0.5
381,spider monkey,50,18,0.36000001430511475
382,squirrel monkey,50,41,0.8199999928474426
383,Madagascar cat,50,36,0.7200000286102295
384,indri,50,44,0.8799999952316284
385,Indian elephant,50,28,0.5600000023841858
386,African elephant,50,29,0.5799999833106995
387,lesser panda,50,47,0.9399999976158142
388,giant panda,50,44,0.8799999952316284
389,barracouta,50,36,0.7200000286102295
390,eel,50,28,0.5600000023841858
391,coho,50,37,0.7400000095367432
392,rock beauty,50,47,0.9399999976158142
393,anemone fish,50,47,0.9399999976158142
394,sturgeon,50,35,0.699999988079071
395,gar,50,29,0.5799999833106995
396,lionfish,50,46,0.9200000166893005
397,puffer,50,44,0.8799999952316284
398,abacus,50,38,0.7599999904632568
399,abaya,50,43,0.8600000143051147
400,academic gown,50,20,0.4000000059604645
401,accordion,50,40,0.800000011920929
402,acoustic guitar,50,25,0.5
403,aircraft carrier,50,45,0.8999999761581421
404,airliner,50,46,0.9200000166893005
405,airship,50,34,0.6800000071525574
406,altar,50,32,0.6399999856948853
407,ambulance,50,46,0.9200000166893005
408,amphibian,50,34,0.6800000071525574
409,analog clock,50,23,0.46000000834465027
410,apiary,50,41,0.8199999928474426
411,apron,50,32,0.6399999856948853
412,ashcan,50,28,0.5600000023841858
413,assault rifle,50,28,0.5600000023841858
414,backpack,50,19,0.3799999952316284
415,bakery,50,17,0.3400000035762787
416,balance beam,50,43,0.8600000143051147
417,balloon,50,44,0.8799999952316284
418,ballpoint,50,22,0.4399999976158142
419,Band Aid,50,36,0.7200000286102295
420,banjo,50,42,0.8399999737739563
421,bannister,50,32,0.6399999856948853
422,barbell,50,30,0.6000000238418579
423,barber chair,50,33,0.6600000262260437
424,barbershop,50,30,0.6000000238418579
425,barn,50,45,0.8999999761581421
426,barometer,50,40,0.800000011920929
427,barrel,50,28,0.5600000023841858
428,barrow,50,27,0.5400000214576721
429,baseball,50,35,0.699999988079071
430,basketball,50,42,0.8399999737739563
431,bassinet,50,36,0.7200000286102295
432,bassoon,50,34,0.6800000071525574
433,bathing cap,50,33,0.6600000262260437
434,bath towel,50,26,0.5199999809265137
435,bathtub,50,14,0.2800000011920929
436,beach wagon,50,30,0.6000000238418579
437,beacon,50,35,0.699999988079071
438,beaker,50,13,0.25999999046325684
439,bearskin,50,43,0.8600000143051147
440,beer bottle,50,32,0.6399999856948853
441,beer glass,50,31,0.6200000047683716
442,bell cote,50,27,0.5400000214576721
443,bib,50,28,0.5600000023841858
444,bicycle-built-for-two,50,41,0.8199999928474426
445,bikini,50,30,0.6000000238418579
446,binder,50,22,0.4399999976158142
447,binoculars,50,26,0.5199999809265137
448,birdhouse,50,42,0.8399999737739563
449,boathouse,50,40,0.800000011920929
450,bobsled,50,46,0.9200000166893005
451,bolo tie,50,39,0.7799999713897705
452,bonnet,50,30,0.6000000238418579
453,bookcase,50,32,0.6399999856948853
454,bookshop,50,21,0.41999998688697815
455,bottlecap,50,31,0.6200000047683716
456,bow,50,28,0.5600000023841858
457,bow tie,50,31,0.6200000047683716
458,brass,50,43,0.8600000143051147
459,brassiere,50,26,0.5199999809265137
460,breakwater,50,32,0.6399999856948853
461,breastplate,50,15,0.30000001192092896
462,broom,50,31,0.6200000047683716
463,bucket,50,24,0.47999998927116394
464,buckle,50,23,0.46000000834465027
465,bulletproof vest,50,25,0.5
466,bullet train,50,47,0.9399999976158142
467,butcher shop,50,37,0.7400000095367432
468,cab,50,32,0.6399999856948853
469,caldron,50,23,0.46000000834465027
470,candle,50,25,0.5
471,cannon,50,43,0.8600000143051147
472,canoe,50,47,0.9399999976158142
473,can opener,50,28,0.5600000023841858
474,cardigan,50,29,0.5799999833106995
475,car mirror,50,43,0.8600000143051147
476,carousel,50,50,1.0
477,carpenter's kit,50,29,0.5799999833106995
478,carton,50,22,0.4399999976158142
479,car wheel,50,21,0.41999998688697815
480,cash machine,50,36,0.7200000286102295
481,cassette,50,24,0.47999998927116394
482,cassette player,50,14,0.2800000011920929
483,castle,50,36,0.7200000286102295
484,catamaran,50,34,0.6800000071525574
485,CD player,50,25,0.5
486,cello,50,40,0.800000011920929
487,cellular telephone,50,35,0.699999988079071
488,chain,50,13,0.25999999046325684
489,chainlink fence,50,30,0.6000000238418579
490,chain mail,50,35,0.699999988079071
491,chain saw,50,41,0.8199999928474426
492,chest,50,33,0.6600000262260437
493,chiffonier,50,15,0.30000001192092896
494,chime,50,27,0.5400000214576721
495,china cabinet,50,37,0.7400000095367432
496,Christmas stocking,50,41,0.8199999928474426
497,church,50,30,0.6000000238418579
498,cinema,50,28,0.5600000023841858
499,cleaver,50,10,0.20000000298023224
500,cliff dwelling,50,49,0.9800000190734863
501,cloak,50,12,0.23999999463558197
502,clog,50,25,0.5
503,cocktail shaker,50,24,0.47999998927116394
504,coffee mug,50,18,0.36000001430511475
505,coffeepot,50,25,0.5
506,coil,50,31,0.6200000047683716
507,combination lock,50,27,0.5400000214576721
508,computer keyboard,50,36,0.7200000286102295
509,confectionery,50,25,0.5
510,container ship,50,44,0.8799999952316284
511,convertible,50,31,0.6200000047683716
512,corkscrew,50,36,0.7200000286102295
513,cornet,50,22,0.4399999976158142
514,cowboy boot,50,30,0.6000000238418579
515,cowboy hat,50,30,0.6000000238418579
516,cradle,50,15,0.30000001192092896
517,crane,50,40,0.800000011920929
518,crash helmet,50,45,0.8999999761581421
519,crate,50,29,0.5799999833106995
520,crib,50,38,0.7599999904632568
521,Crock Pot,50,38,0.7599999904632568
522,croquet ball,50,38,0.7599999904632568
523,crutch,50,17,0.3400000035762787
524,cuirass,50,31,0.6200000047683716
525,dam,50,37,0.7400000095367432
526,desk,50,23,0.46000000834465027
527,desktop computer,50,34,0.6800000071525574
528,dial telephone,50,44,0.8799999952316284
529,diaper,50,28,0.5600000023841858
530,digital clock,50,29,0.5799999833106995
531,digital watch,50,26,0.5199999809265137
532,dining table,50,39,0.7799999713897705
533,dishrag,50,45,0.8999999761581421
534,dishwasher,50,24,0.47999998927116394
535,disk brake,50,47,0.9399999976158142
536,dock,50,21,0.41999998688697815
537,dogsled,50,43,0.8600000143051147
538,dome,50,37,0.7400000095367432
539,doormat,50,27,0.5400000214576721
540,drilling platform,50,43,0.8600000143051147
541,drum,50,19,0.3799999952316284
542,drumstick,50,22,0.4399999976158142
543,dumbbell,50,25,0.5
544,Dutch oven,50,30,0.6000000238418579
545,electric fan,50,40,0.800000011920929
546,electric guitar,50,35,0.699999988079071
547,electric locomotive,50,43,0.8600000143051147
548,entertainment center,50,44,0.8799999952316284
549,envelope,50,24,0.47999998927116394
550,espresso maker,50,36,0.7200000286102295
551,face powder,50,36,0.7200000286102295
552,feather boa,50,41,0.8199999928474426
553,file,50,38,0.7599999904632568
554,fireboat,50,47,0.9399999976158142
555,fire engine,50,39,0.7799999713897705
556,fire screen,50,24,0.47999998927116394
557,flagpole,50,33,0.6600000262260437
558,flute,50,12,0.23999999463558197
559,folding chair,50,30,0.6000000238418579
560,football helmet,50,44,0.8799999952316284
561,forklift,50,38,0.7599999904632568
562,fountain,50,44,0.8799999952316284
563,fountain pen,50,35,0.699999988079071
564,four-poster,50,38,0.7599999904632568
565,freight car,50,48,0.9599999785423279
566,French horn,50,39,0.7799999713897705
567,frying pan,50,21,0.41999998688697815
568,fur coat,50,40,0.800000011920929
569,garbage truck,50,47,0.9399999976158142
570,gasmask,50,38,0.7599999904632568
571,gas pump,50,42,0.8399999737739563
572,goblet,50,28,0.5600000023841858
573,go-kart,50,43,0.8600000143051147
574,golf ball,50,45,0.8999999761581421
575,golfcart,50,40,0.800000011920929
576,gondola,50,48,0.9599999785423279
577,gong,50,42,0.8399999737739563
578,gown,50,25,0.5
579,grand piano,50,33,0.6600000262260437
580,greenhouse,50,37,0.7400000095367432
581,grille,50,38,0.7599999904632568
582,grocery store,50,30,0.6000000238418579
583,guillotine,50,42,0.8399999737739563
584,hair slide,50,24,0.47999998927116394
585,hair spray,50,12,0.23999999463558197
586,half track,50,36,0.7200000286102295
587,hammer,50,21,0.41999998688697815
588,hamper,50,30,0.6000000238418579
589,hand blower,50,28,0.5600000023841858
590,hand-held computer,50,24,0.47999998927116394
591,handkerchief,50,37,0.7400000095367432
592,hard disc,50,39,0.7799999713897705
593,harmonica,50,28,0.5600000023841858
594,harp,50,45,0.8999999761581421
595,harvester,50,37,0.7400000095367432
596,hatchet,50,9,0.18000000715255737
597,holster,50,35,0.699999988079071
598,home theater,50,32,0.6399999856948853
599,honeycomb,50,36,0.7200000286102295
600,hook,50,11,0.2199999988079071
601,hoopskirt,50,26,0.5199999809265137
602,horizontal bar,50,28,0.5600000023841858
603,horse cart,50,42,0.8399999737739563
604,hourglass,50,44,0.8799999952316284
605,iPod,50,39,0.7799999713897705
606,iron,50,33,0.6600000262260437
607,jack-o'-lantern,50,48,0.9599999785423279
608,jean,50,31,0.6200000047683716
609,jeep,50,37,0.7400000095367432
610,jersey,50,36,0.7200000286102295
611,jigsaw puzzle,50,44,0.8799999952316284
612,jinrikisha,50,46,0.9200000166893005
613,joystick,50,33,0.6600000262260437
614,kimono,50,41,0.8199999928474426
615,knee pad,50,32,0.6399999856948853
616,knot,50,34,0.6800000071525574
617,lab coat,50,42,0.8399999737739563
618,ladle,50,7,0.14000000059604645
619,lampshade,50,23,0.46000000834465027
620,laptop,50,13,0.25999999046325684
621,lawn mower,50,35,0.699999988079071
622,lens cap,50,24,0.47999998927116394
623,letter opener,50,7,0.14000000059604645
624,library,50,25,0.5
625,lifeboat,50,47,0.9399999976158142
626,lighter,50,22,0.4399999976158142
627,limousine,50,35,0.699999988079071
628,liner,50,43,0.8600000143051147
629,lipstick,50,36,0.7200000286102295
630,Loafer,50,37,0.7400000095367432
631,lotion,50,31,0.6200000047683716
632,loudspeaker,50,25,0.5
633,loupe,50,12,0.23999999463558197
634,lumbermill,50,34,0.6800000071525574
635,magnetic compass,50,28,0.5600000023841858
636,mailbag,50,34,0.6800000071525574
637,mailbox,50,38,0.7599999904632568
638,maillot,50,5,0.10000000149011612
639,maillot,50,30,0.6000000238418579
640,manhole cover,50,48,0.9599999785423279
641,maraca,50,31,0.6200000047683716
642,marimba,50,40,0.800000011920929
643,mask,50,21,0.41999998688697815
644,matchstick,50,31,0.6200000047683716
645,maypole,50,47,0.9399999976158142
646,maze,50,39,0.7799999713897705
647,measuring cup,50,33,0.6600000262260437
648,medicine chest,50,25,0.5
649,megalith,50,38,0.7599999904632568
650,microphone,50,20,0.4000000059604645
651,microwave,50,30,0.6000000238418579
652,military uniform,50,30,0.6000000238418579
653,milk can,50,32,0.6399999856948853
654,minibus,50,32,0.6399999856948853
655,miniskirt,50,28,0.5600000023841858
656,minivan,50,19,0.3799999952316284
657,missile,50,23,0.46000000834465027
658,mitten,50,32,0.6399999856948853
659,mixing bowl,50,42,0.8399999737739563
660,mobile home,50,29,0.5799999833106995
661,Model T,50,47,0.9399999976158142
662,modem,50,24,0.47999998927116394
663,monastery,50,19,0.3799999952316284
664,monitor,50,13,0.25999999046325684
665,moped,50,24,0.47999998927116394
666,mortar,50,31,0.6200000047683716
667,mortarboard,50,34,0.6800000071525574
668,mosque,50,44,0.8799999952316284
669,mosquito net,50,45,0.8999999761581421
670,motor scooter,50,42,0.8399999737739563
671,mountain bike,50,37,0.7400000095367432
672,mountain tent,50,46,0.9200000166893005
673,mouse,50,17,0.3400000035762787
674,mousetrap,50,36,0.7200000286102295
675,moving van,50,21,0.41999998688697815
676,muzzle,50,19,0.3799999952316284
677,nail,50,25,0.5
678,neck brace,50,26,0.5199999809265137
679,necklace,50,41,0.8199999928474426
680,nipple,50,35,0.699999988079071
681,notebook,50,16,0.3199999928474426
682,obelisk,50,38,0.7599999904632568
683,oboe,50,30,0.6000000238418579
684,ocarina,50,38,0.7599999904632568
685,odometer,50,48,0.9599999785423279
686,oil filter,50,21,0.41999998688697815
687,organ,50,40,0.800000011920929
688,oscilloscope,50,47,0.9399999976158142
689,overskirt,50,5,0.10000000149011612
690,oxcart,50,37,0.7400000095367432
691,oxygen mask,50,22,0.4399999976158142
692,packet,50,22,0.4399999976158142
693,paddle,50,28,0.5600000023841858
694,paddlewheel,50,43,0.8600000143051147
695,padlock,50,38,0.7599999904632568
696,paintbrush,50,29,0.5799999833106995
697,pajama,50,30,0.6000000238418579
698,palace,50,35,0.699999988079071
699,panpipe,50,40,0.800000011920929
700,paper towel,50,24,0.47999998927116394
701,parachute,50,43,0.8600000143051147
702,parallel bars,50,33,0.6600000262260437
703,park bench,50,37,0.7400000095367432
704,parking meter,50,39,0.7799999713897705
705,passenger car,50,23,0.46000000834465027
706,patio,50,31,0.6200000047683716
707,pay-phone,50,37,0.7400000095367432
708,pedestal,50,31,0.6200000047683716
709,pencil box,50,34,0.6800000071525574
710,pencil sharpener,50,23,0.46000000834465027
711,perfume,50,24,0.47999998927116394
712,Petri dish,50,26,0.5199999809265137
713,photocopier,50,45,0.8999999761581421
714,pick,50,32,0.6399999856948853
715,pickelhaube,50,39,0.7799999713897705
716,picket fence,50,44,0.8799999952316284
717,pickup,50,29,0.5799999833106995
718,pier,50,28,0.5600000023841858
719,piggy bank,50,41,0.8199999928474426
720,pill bottle,50,36,0.7200000286102295
721,pillow,50,33,0.6600000262260437
722,ping-pong ball,50,41,0.8199999928474426
723,pinwheel,50,38,0.7599999904632568
724,pirate,50,39,0.7799999713897705
725,pitcher,50,18,0.36000001430511475
726,plane,50,42,0.8399999737739563
727,planetarium,50,42,0.8399999737739563
728,plastic bag,50,18,0.36000001430511475
729,plate rack,50,24,0.47999998927116394
730,plow,50,37,0.7400000095367432
731,plunger,50,14,0.2800000011920929
732,Polaroid camera,50,43,0.8600000143051147
733,pole,50,20,0.4000000059604645
734,police van,50,42,0.8399999737739563
735,poncho,50,30,0.6000000238418579
736,pool table,50,41,0.8199999928474426
737,pop bottle,50,30,0.6000000238418579
738,pot,50,41,0.8199999928474426
739,potter's wheel,50,43,0.8600000143051147
740,power drill,50,11,0.2199999988079071
741,prayer rug,50,32,0.6399999856948853
742,printer,50,16,0.3199999928474426
743,prison,50,27,0.5400000214576721
744,projectile,50,15,0.30000001192092896
745,projector,50,28,0.5600000023841858
746,puck,50,44,0.8799999952316284
747,punching bag,50,27,0.5400000214576721
748,purse,50,18,0.36000001430511475
749,quill,50,33,0.6600000262260437
750,quilt,50,31,0.6200000047683716
751,racer,50,38,0.7599999904632568
752,racket,50,39,0.7799999713897705
753,radiator,50,35,0.699999988079071
754,radio,50,24,0.47999998927116394
755,radio telescope,50,45,0.8999999761581421
756,rain barrel,50,38,0.7599999904632568
757,recreational vehicle,50,42,0.8399999737739563
758,reel,50,26,0.5199999809265137
759,reflex camera,50,38,0.7599999904632568
760,refrigerator,50,37,0.7400000095367432
761,remote control,50,34,0.6800000071525574
762,restaurant,50,19,0.3799999952316284
763,revolver,50,42,0.8399999737739563
764,rifle,50,16,0.3199999928474426
765,rocking chair,50,30,0.6000000238418579
766,rotisserie,50,42,0.8399999737739563
767,rubber eraser,50,25,0.5
768,rugby ball,50,38,0.7599999904632568
769,rule,50,32,0.6399999856948853
770,running shoe,50,35,0.699999988079071
771,safe,50,40,0.800000011920929
772,safety pin,50,23,0.46000000834465027
773,saltshaker,50,29,0.5799999833106995
774,sandal,50,33,0.6600000262260437
775,sarong,50,29,0.5799999833106995
776,sax,50,30,0.6000000238418579
777,scabbard,50,30,0.6000000238418579
778,scale,50,23,0.46000000834465027
779,school bus,50,46,0.9200000166893005
780,schooner,50,38,0.7599999904632568
781,scoreboard,50,45,0.8999999761581421
782,screen,50,7,0.14000000059604645
783,screw,50,46,0.9200000166893005
784,screwdriver,50,14,0.2800000011920929
785,seat belt,50,39,0.7799999713897705
786,sewing machine,50,36,0.7200000286102295
787,shield,50,27,0.5400000214576721
788,shoe shop,50,39,0.7799999713897705
789,shoji,50,42,0.8399999737739563
790,shopping basket,50,24,0.47999998927116394
791,shopping cart,50,39,0.7799999713897705
792,shovel,50,22,0.4399999976158142
793,shower cap,50,31,0.6200000047683716
794,shower curtain,50,29,0.5799999833106995
795,ski,50,36,0.7200000286102295
796,ski mask,50,33,0.6600000262260437
797,sleeping bag,50,32,0.6399999856948853
798,slide rule,50,32,0.6399999856948853
799,sliding door,50,19,0.3799999952316284
800,slot,50,45,0.8999999761581421
801,snorkel,50,44,0.8799999952316284
802,snowmobile,50,44,0.8799999952316284
803,snowplow,50,43,0.8600000143051147
804,soap dispenser,50,23,0.46000000834465027
805,soccer ball,50,43,0.8600000143051147
806,sock,50,29,0.5799999833106995
807,solar dish,50,33,0.6600000262260437
808,sombrero,50,22,0.4399999976158142
809,soup bowl,50,21,0.41999998688697815
810,space bar,50,9,0.18000000715255737
811,space heater,50,23,0.46000000834465027
812,space shuttle,50,45,0.8999999761581421
813,spatula,50,11,0.2199999988079071
814,speedboat,50,48,0.9599999785423279
815,spider web,50,32,0.6399999856948853
816,spindle,50,40,0.800000011920929
817,sports car,50,23,0.46000000834465027
818,spotlight,50,16,0.3199999928474426
819,stage,50,36,0.7200000286102295
820,steam locomotive,50,50,1.0
821,steel arch bridge,50,42,0.8399999737739563
822,steel drum,50,36,0.7200000286102295
823,stethoscope,50,24,0.47999998927116394
824,stole,50,24,0.47999998927116394
825,stone wall,50,39,0.7799999713897705
826,stopwatch,50,27,0.5400000214576721
827,stove,50,22,0.4399999976158142
828,strainer,50,31,0.6200000047683716
829,streetcar,50,41,0.8199999928474426
830,stretcher,50,22,0.4399999976158142
831,studio couch,50,36,0.7200000286102295
832,stupa,50,42,0.8399999737739563
833,submarine,50,41,0.8199999928474426
834,suit,50,22,0.4399999976158142
835,sundial,50,30,0.6000000238418579
836,sunglass,50,11,0.2199999988079071
837,sunglasses,50,13,0.25999999046325684
838,sunscreen,50,10,0.20000000298023224
839,suspension bridge,50,30,0.6000000238418579
840,swab,50,38,0.7599999904632568
841,sweatshirt,50,14,0.2800000011920929
842,swimming trunks,50,29,0.5799999833106995
843,swing,50,35,0.699999988079071
844,switch,50,26,0.5199999809265137
845,syringe,50,20,0.4000000059604645
846,table lamp,50,24,0.47999998927116394
847,tank,50,40,0.800000011920929
848,tape player,50,19,0.3799999952316284
849,teapot,50,32,0.6399999856948853
850,teddy,50,39,0.7799999713897705
851,television,50,24,0.47999998927116394
852,tennis ball,50,37,0.7400000095367432
853,thatch,50,41,0.8199999928474426
854,theater curtain,50,41,0.8199999928474426
855,thimble,50,31,0.6200000047683716
856,thresher,50,29,0.5799999833106995
857,throne,50,34,0.6800000071525574
858,tile roof,50,36,0.7200000286102295
859,toaster,50,31,0.6200000047683716
860,tobacco shop,50,18,0.36000001430511475
861,toilet seat,50,32,0.6399999856948853
862,torch,50,32,0.6399999856948853
863,totem pole,50,45,0.8999999761581421
864,tow truck,50,24,0.47999998927116394
865,toyshop,50,24,0.47999998927116394
866,tractor,50,38,0.7599999904632568
867,trailer truck,50,35,0.699999988079071
868,tray,50,22,0.4399999976158142
869,trench coat,50,30,0.6000000238418579
870,tricycle,50,32,0.6399999856948853
871,trimaran,50,40,0.800000011920929
872,tripod,50,28,0.5600000023841858
873,triumphal arch,50,46,0.9200000166893005
874,trolleybus,50,47,0.9399999976158142
875,trombone,50,31,0.6200000047683716
876,tub,50,13,0.25999999046325684
877,turnstile,50,38,0.7599999904632568
878,typewriter keyboard,50,34,0.6800000071525574
879,umbrella,50,23,0.46000000834465027
880,unicycle,50,29,0.5799999833106995
881,upright,50,39,0.7799999713897705
882,vacuum,50,34,0.6800000071525574
883,vase,50,22,0.4399999976158142
884,vault,50,33,0.6600000262260437
885,velvet,50,8,0.1599999964237213
886,vending machine,50,47,0.9399999976158142
887,vestment,50,29,0.5799999833106995
888,viaduct,50,40,0.800000011920929
889,violin,50,29,0.5799999833106995
890,volleyball,50,44,0.8799999952316284
891,waffle iron,50,35,0.699999988079071
892,wall clock,50,26,0.5199999809265137
893,wallet,50,23,0.46000000834465027
894,wardrobe,50,32,0.6399999856948853
895,warplane,50,41,0.8199999928474426
896,washbasin,50,38,0.7599999904632568
897,washer,50,36,0.7200000286102295
898,water bottle,50,21,0.41999998688697815
899,water jug,50,5,0.10000000149011612
900,water tower,50,45,0.8999999761581421
901,whiskey jug,50,30,0.6000000238418579
902,whistle,50,30,0.6000000238418579
903,wig,50,41,0.8199999928474426
904,window screen,50,31,0.6200000047683716
905,window shade,50,25,0.5
906,Windsor tie,50,13,0.25999999046325684
907,wine bottle,50,26,0.5199999809265137
908,wing,50,22,0.4399999976158142
909,wok,50,22,0.4399999976158142
910,wooden spoon,50,22,0.4399999976158142
911,wool,50,17,0.3400000035762787
912,worm fence,50,33,0.6600000262260437
913,wreck,50,40,0.800000011920929
914,yawl,50,31,0.6200000047683716
915,yurt,50,45,0.8999999761581421
916,web site,50,48,0.9599999785423279
917,comic book,50,32,0.6399999856948853
918,crossword puzzle,50,43,0.8600000143051147
919,street sign,50,36,0.7200000286102295
920,traffic light,50,43,0.8600000143051147
921,book jacket,50,27,0.5400000214576721
922,menu,50,42,0.8399999737739563
923,plate,50,17,0.3400000035762787
924,guacamole,50,40,0.800000011920929
925,consomme,50,28,0.5600000023841858
926,hot pot,50,40,0.800000011920929
927,trifle,50,48,0.9599999785423279
928,ice cream,50,33,0.6600000262260437
929,ice lolly,50,28,0.5600000023841858
930,French loaf,50,30,0.6000000238418579
931,bagel,50,28,0.5600000023841858
932,pretzel,50,34,0.6800000071525574
933,cheeseburger,50,48,0.9599999785423279
934,hotdog,50,40,0.800000011920929
935,mashed potato,50,36,0.7200000286102295
936,head cabbage,50,44,0.8799999952316284
937,broccoli,50,47,0.9399999976158142
938,cauliflower,50,46,0.9200000166893005
939,zucchini,50,36,0.7200000286102295
940,spaghetti squash,50,33,0.6600000262260437
941,acorn squash,50,39,0.7799999713897705
942,butternut squash,50,37,0.7400000095367432
943,cucumber,50,35,0.699999988079071
944,artichoke,50,41,0.8199999928474426
945,bell pepper,50,42,0.8399999737739563
946,cardoon,50,45,0.8999999761581421
947,mushroom,50,19,0.3799999952316284
948,Granny Smith,50,42,0.8399999737739563
949,strawberry,50,32,0.6399999856948853
950,orange,50,35,0.699999988079071
951,lemon,50,41,0.8199999928474426
952,fig,50,43,0.8600000143051147
953,pineapple,50,44,0.8799999952316284
954,banana,50,45,0.8999999761581421
955,jackfruit,50,45,0.8999999761581421
956,custard apple,50,45,0.8999999761581421
957,pomegranate,50,42,0.8399999737739563
958,hay,50,42,0.8399999737739563
959,carbonara,50,44,0.8799999952316284
960,chocolate sauce,50,30,0.6000000238418579
961,dough,50,22,0.4399999976158142
962,meat loaf,50,33,0.6600000262260437
963,pizza,50,38,0.7599999904632568
964,potpie,50,35,0.699999988079071
965,burrito,50,44,0.8799999952316284
966,red wine,50,30,0.6000000238418579
967,espresso,50,29,0.5799999833106995
968,cup,50,17,0.3400000035762787
969,eggnog,50,19,0.3799999952316284
970,alp,50,25,0.5
971,bubble,50,36,0.7200000286102295
972,cliff,50,31,0.6200000047683716
973,coral reef,50,36,0.7200000286102295
974,geyser,50,44,0.8799999952316284
975,lakeside,50,24,0.47999998927116394
976,promontory,50,25,0.5
977,sandbar,50,33,0.6600000262260437
978,seashore,50,17,0.3400000035762787
979,valley,50,40,0.800000011920929
980,volcano,50,41,0.8199999928474426
981,ballplayer,50,41,0.8199999928474426
982,groom,50,38,0.7599999904632568
983,scuba diver,50,44,0.8799999952316284
984,rapeseed,50,49,0.9800000190734863
985,daisy,50,48,0.9599999785423279
986,yellow lady's slipper,50,50,1.0
987,corn,50,26,0.5199999809265137
988,acorn,50,46,0.9200000166893005
989,hip,50,47,0.9399999976158142
990,buckeye,50,44,0.8799999952316284
991,coral fungus,50,49,0.9800000190734863
992,agaric,50,43,0.8600000143051147
993,gyromitra,50,49,0.9800000190734863
994,stinkhorn,50,43,0.8600000143051147
995,earthstar,50,50,1.0
996,hen-of-the-woods,50,43,0.8600000143051147
997,bolete,50,34,0.6800000071525574
998,ear,50,26,0.5199999809265137
999,toilet tissue,50,18,0.36000001430511475
